calories,protein,fat,carbs
2061.8101782710437,154.63576337032828,618.5430534813131,1133.995598049074
2926.0714596148746,219.4553594711156,877.8214378844624,1609.3393027881812
2597.9909127171077,194.84931845378307,779.3972738151323,1428.8950019944093
2397.987726295555,179.84907947216664,719.3963178886665,1318.8932494625553
1734.0279606636548,130.0520970497741,520.2083881990964,953.7153783650102
1733.991780504304,130.0493835378228,520.1975341512912,953.6954792773672
1587.1254182522991,119.03440636892243,476.13762547568973,872.9189800387646
2799.2642186624025,209.94481639968018,839.7792655987207,1539.5953202643216
2401.672517614813,180.12543882111098,720.5017552844439,1320.9198846881472
2562.108866694068,192.1581650020551,768.6326600082205,1409.1598766817376
1530.8767414437036,114.81575560827777,459.2630224331111,841.9822077940371
2954.8647782429916,221.61485836822436,886.4594334728974,1625.1756280336456
2748.663961200633,206.14979709004746,824.5991883601898,1511.7651786603483
1818.5086660174143,136.38814995130608,545.5525998052243,1000.179766309578
1772.737450810651,132.9553088107988,531.8212352431952,975.0055979458581
1775.1067647801508,133.1330073585113,532.5320294340452,976.308720629083
1956.3633644393067,146.72725233294798,586.9090093317919,1075.9998504416187
2287.1346474483566,171.53509855862674,686.140394234507,1257.9240560965964
2147.9175279631736,161.093814597238,644.375258388952,1181.3546403797457
1936.843710297063,145.2632782722797,581.0531130891188,1065.2640406633848
2417.779342083569,181.33345065626767,725.3338026250707,1329.7786381459632
1709.2407909780627,128.1930593233547,512.7722372934188,940.0824350379346
1938.2169728028273,145.36627296021203,581.4650918408481,1066.019335041555
2049.5427649405374,153.7157073705403,614.8628294821611,1127.2485207172956
2184.104976325554,163.80787322441657,655.2314928976663,1201.257736979055
2677.7639420895202,200.83229565671402,803.3291826268561,1472.7701681492363
1799.5106732375395,134.96330049281545,539.8532019712618,989.7308702806469
2271.3516576204174,170.3513743215313,681.4054972861252,1249.2434116912298
2388.621853293064,179.1466389969798,716.5865559879192,1313.7420193111852
1569.6756190799965,117.72567143099974,470.90268572399896,863.3215904939982
2411.3172778521575,180.8487958389118,723.3951833556472,1326.2245028186867
1755.7861855309372,131.68396391482028,526.7358556592811,965.6824020420156
1597.5773894779193,119.81830421084393,479.27321684337574,878.6675642128557
2923.32830588,219.24962294099998,876.9984917639999,1607.830568234
2948.448049611839,221.13360372088792,884.5344148835517,1621.6464272865117
2712.596022174692,203.44470166310188,813.7788066524075,1491.9278121960806
1956.920653760056,146.7690490320042,587.0761961280168,1076.306359568031
1646.5081710095758,123.48811282571818,493.9524513028727,905.5794940552668
2526.3495397682354,189.47621548261765,757.9048619304706,1389.4922468725297
2160.228740609402,162.01715554570515,648.0686221828206,1188.1258073351712
1683.0573522671682,126.22930142003761,504.91720568015046,925.6815437469426
2242.765365166905,168.20740238751787,672.8296095500715,1233.520950841798
1551.5827816728277,116.36870862546206,465.47483450184825,853.3705299200553
2863.9806031181733,214.798545233863,859.194180935452,1575.1893317149954
1888.1699724000255,141.61274793000192,566.4509917200077,1038.4934848200141
2493.783426530973,187.03375698982296,748.1350279592918,1371.5808845920353
1967.5666141341164,147.56749606005872,590.2699842402349,1082.1616377737641
2280.102031766716,171.00765238250372,684.0306095300149,1254.056117471694
2320.0654190149194,174.00490642611894,696.0196257044757,1276.0359804582058
1777.2816832882904,133.29612624662178,533.1845049864871,977.5049258085598
2954.3769416468376,221.57827062351282,886.3130824940513,1624.907317905761
2662.6992350416717,199.70244262812537,798.8097705125015,1464.4845792729195
2909.2484123462837,218.19363092597126,872.774523703885,1600.0866267904562
2842.2410256414732,213.16807692311048,852.6723076924419,1563.2325641028103
2396.8499682166275,179.76374761624706,719.0549904649882,1318.2674825191452
2882.8113525346753,216.21085144010064,864.8434057604026,1585.5462438940715
1632.7387530778792,122.45540648084094,489.82162592336374,898.0063141928337
1793.9742936287178,134.54807202215383,538.1922880886153,986.6858614957948
1567.8409333658071,117.58807000243553,470.3522800097421,862.312513351194
1987.9954961448966,149.09966221086725,596.398648843469,1093.3975228796933
2083.015934534223,156.22619509006674,624.904780360267,1145.6587639938227
1907.0235476608439,143.02676607456328,572.1070642982531,1048.8629512134642
2743.1062637278937,205.73296977959203,822.9318791183681,1508.7084450503417
2035.129990040384,152.6347492530288,610.5389970121151,1119.3214945222112
1921.4017645310712,144.10513233983033,576.4205293593213,1056.7709704920892
2314.044124737373,173.55330935530296,694.2132374212118,1272.7242686055552
1711.386337462144,128.3539753096608,513.4159012386432,941.2624856041792
2703.2954711310595,202.74716033482946,810.9886413393178,1486.812509122083
1611.8259655196562,120.88694741397421,483.54778965589685,886.504281035811
2980.3304049007756,223.52478036755818,894.0991214702327,1639.1817226954267
2658.367153944986,199.37753654587394,797.5101461834957,1462.1019346697424
1798.0735223012587,134.85551417259438,539.4220566903775,988.9404372656924
1508.2831756854036,113.12123817640527,452.4849527056211,829.5557466269721
2723.192142682251,204.23941070116882,816.9576428046753,1497.7556784752383
2560.286015771426,192.02145118285694,768.0858047314277,1408.1573086742844
2593.510752061481,194.5133064046111,778.0532256184443,1426.4309136338147
2656.9055200289185,199.26791400216888,797.0716560086755,1461.2980360159054
1611.0669776011355,120.83002332008516,483.32009328034064,886.0868376806246
2037.698592816409,152.82739446123068,611.3095778449227,1120.734226049025
1673.8035892876946,125.53526919657709,502.14107678630836,920.5919741082321
2794.6551388133903,209.59913541100426,838.396541644017,1537.0603263473647
2434.947190241337,182.62103926810028,730.4841570724011,1339.2209546327354
1996.3470372789739,149.72602779592305,598.9041111836922,1097.9908705034356
1595.3375254290354,119.65031440717765,478.6012576287106,877.4356389859695
1966.4734825734934,147.485511193012,589.942044772048,1081.5604154154214
1987.7749830401206,149.08312372800904,596.3324949120362,1093.2762406720665
2594.409267507096,194.5806950630322,778.3227802521288,1426.925097128903
2456.3362070328194,184.22521552746144,736.9008621098458,1350.9849138680509
2830.8191138644897,212.3114335398367,849.2457341593469,1556.9505126254694
2208.322387742924,165.6241790807193,662.4967163228772,1214.5773132586085
1679.3913689074525,125.95435266805893,503.8174106722357,923.665252899099
2569.8671808344925,192.74003856258693,770.9601542503477,1413.426949458971
2641.177572925346,198.08831796940095,792.3532718776038,1452.6476651089404
2341.9157963542443,175.64368472656832,702.5747389062733,1288.0536879948345
2656.4507699318415,199.2338077448881,796.9352309795524,1461.047923462513
2240.693394546586,168.05200459099396,672.2080183639758,1232.3813670006225
2284.099244072991,171.30744330547432,685.2297732218973,1256.2545842401453
2141.3115275378245,160.59836456533682,642.3934582613473,1177.7213401458037
1538.1286901161427,115.3596517587107,461.4386070348428,845.9707795638785
1661.8371404899567,124.63778553674675,498.551142146987,914.0104272694763
1547.1437785301014,116.0357833897576,464.1431335590304,850.9290781915558
2454.6156168956704,184.09617126717527,736.3846850687011,1350.0385892926188
1971.53397161449,147.86504787108674,591.460191484347,1084.3436843879695
2262.856036747054,169.71420275602904,678.8568110241162,1244.57082021088
2861.3497108891397,214.60122831668548,858.4049132667419,1573.742340989027
1873.9383437233123,140.54537577924842,562.1815031169937,1030.6660890478217
2115.5743845534444,158.66807884150833,634.6723153660333,1163.5659115043945
2633.3267078145727,197.49950308609294,789.9980123443718,1448.3296892980152
1843.1972482374338,138.23979361780752,552.9591744712301,1013.7584865305887
1615.4698647431894,121.1602398557392,484.6409594229568,888.5084256087542
1934.627179370652,145.0970384527989,580.3881538111956,1064.0449486538587
1741.8319308810067,130.6373948160755,522.549579264302,958.0075619845537
2894.5464785138597,217.09098588853948,868.3639435541579,1592.000563182623
2712.1805693466254,203.41354270099689,813.6541708039875,1491.699313140644
2450.105634765635,183.7579226074226,735.0316904296905,1347.5580991210993
2807.190885281577,210.53931639611827,842.1572655844731,1543.9549869048674
2705.5081153486717,202.91310865115037,811.6524346046015,1488.0294634417696
1779.8550883290538,133.48913162467903,533.9565264987161,978.9202985809796
2838.838497734967,212.91288733012252,851.6515493204901,1561.361173754232
2309.013362873476,173.1760022155107,692.7040088620428,1269.957349580412
2711.1602327460937,203.337017455957,813.348069823828,1491.1381280103517
2844.13694988524,213.310271241393,853.241084965572,1564.275322436882
1977.0052124577958,148.27539093433467,593.1015637373387,1087.3528668517877
1665.077886791515,124.88084150936362,499.5233660374545,915.7928377353334
1841.9027438129126,138.14270578596845,552.5708231438738,1013.046509097102
2140.6616829393843,160.5496262204538,642.1985048818152,1177.3639256166614
2727.0221488837396,204.52666116628046,818.1066446651218,1499.862181886057
2791.095874884515,209.33219061633864,837.3287624653545,1535.1027311864834
1510.428195796786,113.28211468475895,453.1284587390358,830.7355076882324
2266.120953866349,169.95907153997615,679.8362861599046,1246.366524626492
2126.1165047231684,159.45873785423763,637.8349514169505,1169.3640775977428
1833.1617157060955,137.48712867795714,549.9485147118286,1008.2389436383526
1679.798051000524,125.9848538250393,503.9394153001572,923.8889280502883
2006.4227571054419,150.48170678290813,601.9268271316325,1103.5325164079932
2914.3645558687786,218.5773416901584,874.3093667606336,1602.9005057278284
1984.804398031133,148.86032985233496,595.4413194093398,1091.6424189171232
2278.1859326150493,170.8639449461287,683.4557797845148,1253.0022629382772
2554.528438342767,191.5896328757075,766.35853150283,1404.990641088522
2045.444403568941,153.40833026767058,613.6333210706823,1124.9944219629176
2957.673124081441,221.82548430610808,887.3019372244323,1626.7202182447927
2943.670942413167,220.7753206809875,883.10128272395,1619.0190183272418
1877.6734437380462,140.82550828035346,563.3020331214138,1032.7203940559255
2245.872758838578,168.44045691289335,673.7618276515734,1235.2300173612182
1951.3174647251544,146.3488098543866,585.3952394175463,1073.224605598835
1927.2607415662014,144.5445556174651,578.1782224698604,1059.9934078614108
1555.3304210317992,116.64978157738494,466.59912630953977,855.4317315674897
2414.3465009698452,181.0759875727384,724.3039502909536,1327.890575533415
2254.0185348432924,169.05139011324692,676.2055604529877,1239.710194163811
1577.2181268749841,118.29135951562381,473.16543806249524,867.4699697812414
1917.9696963549172,143.8477272266188,575.3909089064751,1054.8833329952045
2862.3988289499803,214.6799121712485,858.719648684994,1574.3193559224892
1859.3428360004586,139.4507127000344,557.8028508001375,1022.6385598002523
1717.3423081368346,128.80067311026258,515.2026924410503,944.5382694752591
2234.1791404163446,167.56343553122585,670.2537421249034,1228.7985272289895
2978.475681165901,223.38567608744256,893.5427043497702,1638.1616246412457
1863.0829072672507,139.7312180450438,558.9248721801752,1024.6955989969879
2508.203321108818,188.11524908316133,752.4609963326453,1379.51182660985
2642.4294229930765,198.18220672448072,792.7288268979229,1453.3361826461921
1856.4563159885995,139.23422369914496,556.9368947965798,1021.0509737937298
2592.324522917789,194.42433921883418,777.6973568753367,1425.7784876047842
2051.6746990788797,153.87560243091596,615.5024097236638,1128.421084493384
2448.4587458903693,183.6344059417777,734.5376237671107,1346.6523102397032
2450.2945661413423,183.77209246060067,735.0883698424027,1347.6620113777383
2303.662026112138,172.77465195841035,691.0986078336414,1267.0141143616759
1635.4346550816124,122.65759913112092,490.6303965244837,899.4890602948869
2752.953743383857,206.47153075378927,825.8861230151571,1514.1245588611214
1981.1700974576038,148.58775730932027,594.3510292372811,1089.6435536016822
1779.7777655997813,133.48333241998358,533.9333296799343,978.8777710798798
1561.162712332146,117.08720342491094,468.34881369964376,858.6394917826804
2386.339414782363,178.9754561086772,715.9018244347088,1312.4866781302997
2516.3465427634237,188.72599070725678,754.9039628290271,1383.9905985198832
1524.8817433917843,114.36613075438382,457.46452301753527,838.6849588654815
2268.1395874489217,170.1104690586691,680.4418762346764,1247.476773096907
1839.7436627969068,137.980774709768,551.923098839072,1011.8590145382989
2467.759185614175,185.0819389210631,740.3277556842525,1357.2675520877963
1761.5496435074872,132.11622326306153,528.4648930522461,968.8523039291181
2536.406607153699,190.23049553652743,760.9219821461097,1395.0236339345345
2080.103019450806,156.00772645881045,624.0309058352418,1144.0566606979435
2905.094983105102,217.88212373288266,871.5284949315306,1597.8022407078063
1706.2814162189898,127.97110621642423,511.88442486569693,938.4547789204445
2011.5995265753877,150.86996449315407,603.4798579726163,1106.3797396164632
1670.2102818608837,125.26577113956627,501.0630845582651,918.615655023486
2887.040427417844,216.5280320563383,866.1121282253532,1587.8722350798143
2816.0090300714714,211.20067725536035,844.8027090214414,1548.8049665393094
1886.9124415727333,141.518433117955,566.07373247182,1037.8018428650034
2489.9760690512685,186.74820517884513,746.9928207153805,1369.4868379781979
2725.833300301824,204.4374975226368,817.7499900905472,1499.208315166003
2332.801217399194,174.96009130493954,699.8403652197582,1283.0406695695567
2294.47586753401,172.08569006505073,688.3427602602029,1261.9617271437055
1862.7784363506776,139.7083827263008,558.8335309052032,1024.5281399928726
1639.6541517088488,122.97406137816365,491.8962455126546,901.8097834398669
2845.8236369299902,213.43677276974927,853.7470910789971,1565.2030003114949
2850.6270857449954,213.79703143087465,855.1881257234986,1567.8448971597477
2449.652185909902,183.72391394324265,734.8956557729706,1347.3087022504462
2008.544686573051,150.6408514929788,602.5634059719152,1104.6995776151782
2023.8143619189914,151.78607714392436,607.1443085756974,1113.0978990554454
2588.933518305359,194.17001387290193,776.6800554916077,1423.9134350679476
2845.665389928866,213.42490424466493,853.6996169786597,1565.1159644608763
2830.629636397676,212.2972227298257,849.1888909193028,1556.846300018722
2669.813318786436,200.23599890898268,800.9439956359307,1468.3973253325398
2463.0474692314315,184.72856019235735,738.9142407694294,1354.6761080772874
1626.2099474925733,121.965746061943,487.862984247772,894.4154711209154
1742.4430711419207,130.68323033564405,522.7329213425762,958.3436891280564
2847.831282790619,213.5873462092964,854.3493848371857,1566.3072055348405
2409.643589489385,180.72326921170387,722.8930768468155,1325.3039742191618
1513.7955774249444,113.53466830687083,454.1386732274833,832.5875675837195
1652.2073142990482,123.9155485724286,495.6621942897144,908.7140228644766
2495.2526536620835,187.14394902465625,748.575796098625,1372.388959514146
1507.592375769328,113.06942818269961,452.27771273079844,829.1758066731305
1741.212077126248,130.5909057844686,522.3636231378744,957.6666424194365
2323.1006840498794,174.23255130374096,696.9302052149638,1277.7053762274338
2537.84279653904,190.338209740428,761.352838961712,1395.8135380964723
2477.9418892539006,185.84564169404254,743.3825667761702,1362.8680390896454
1836.4039641908398,137.730297314313,550.921189257252,1010.022180304962
2568.2688320213038,192.62016240159778,770.4806496063911,1412.5478576117173
1855.8736312452002,139.19052234339,556.76208937356,1020.7304971848602
1988.0995472389016,149.10746604291762,596.4298641716705,1093.454750981396
2619.737107677036,196.4802830757777,785.9211323031108,1440.8554092223699
2474.4493485708217,185.58370114281163,742.3348045712465,1360.947141713952
2773.835115741267,208.03763368059504,832.1505347223801,1525.6093136576972
2486.419338450515,186.48145038378863,745.9258015351545,1367.5306361477835
2352.462905003207,176.43471787524052,705.7388715009621,1293.854597751764
1640.5121517421387,123.03841138066039,492.15364552264157,902.2816834581764
2051.57370458915,153.86802784418626,615.472111376745,1128.3655375240326
1897.8035515225881,142.3352663641941,569.3410654567764,1043.7919533374236
1865.9844650686255,139.9488348801469,559.7953395205876,1026.291455787744
2959.515832128668,221.9636874096501,887.8547496386004,1627.7337076707677
2089.6465870001407,156.72349402501055,626.8939761000422,1149.3056228500775
2838.06983276567,212.85523745742526,851.420949829701,1560.9384080211187
2446.7079389958944,183.50309542469208,734.0123816987683,1345.689366447742
2692.2169553124727,201.91627164843544,807.6650865937418,1480.71932542186
2253.955639657788,169.04667297433411,676.1866918973365,1239.6756018117835
2365.355826939539,177.4016870204654,709.6067480818616,1300.9457048167465
2238.776540728296,167.90824055462218,671.6329622184887,1231.327097400563
1792.8644816970668,134.46483612728,537.85934450912,986.0754649333868
2583.678172892258,193.77586296691933,775.1034518676773,1421.022995090742
1921.1585436612836,144.08689077459627,576.3475630983851,1056.637199013706
1536.4739496471807,115.23554622353855,460.9421848941542,845.0606723059494
2468.2084438607517,185.11563328955637,740.4625331582255,1357.5146441234135
1765.6660191105734,132.424951433293,529.699805733172,971.1163105108154
2910.6878765293714,218.30159073970285,873.2063629588114,1600.8783320911543
2930.892865503881,219.81696491279106,879.2678596511643,1611.9910760271346
2872.2965853306728,215.42224389980046,861.6889755992019,1579.76312193187
2055.2380503831664,154.14285377873748,616.5714151149499,1130.3809277107416
1523.1849247933012,114.23886935949758,456.95547743799034,837.7517086363157
2892.4778438815883,216.93583829111913,867.7433531644765,1590.8628141348738
2142.2762224759717,160.67071668569787,642.6828667427915,1178.2519223617846
2949.9822285655046,221.24866714241284,884.9946685696514,1622.4902257110277
2945.429965633879,220.9072474225409,883.6289896901636,1619.9864810986335
2779.5141832010404,208.46356374007803,833.8542549603121,1528.7328007605724
1941.6733381043787,145.6255003578284,582.5020014313136,1067.9203359574083
2077.6465929028877,155.82349446771659,623.2939778708663,1142.7056260965883
2776.7050072752854,208.2528755456464,833.0115021825856,1527.187754001407
1975.3830077344164,148.15372558008121,592.6149023203249,1086.460654253929
1754.2391200291388,131.5679340021854,526.2717360087416,964.8315160160264
2335.201893687525,175.14014202656438,700.5605681062575,1284.361041528139
2904.2321612411715,217.81741209308785,871.2696483723514,1597.3276886826445
2544.0446950124597,190.80335212593448,763.2134085037379,1399.224582256853
2355.0917551340476,176.63188163505356,706.5275265402142,1295.3004653237263
1645.7647406561528,123.43235554921145,493.7294221968458,905.1706073608841
2422.5108400487547,181.6883130036566,726.7532520146264,1332.3809620268153
2985.0807751563952,223.88105813672965,895.5242325469186,1641.7944263360175
1710.126022854786,128.25945171410893,513.0378068564357,940.5693125701324
2277.494478545605,170.81208589092037,683.2483435636815,1252.621963200083
2816.0596078919334,211.204470591895,844.81788236758,1548.8327843405634
2611.1529266313064,195.83646949734796,783.3458779893919,1436.1341096472186
2545.523611492902,190.91427086196765,763.6570834478706,1400.0379863210962
2553.7261259806637,191.52945944854977,766.1178377941991,1404.5493692893651
2039.2367268296327,152.94275451222245,611.7710180488898,1121.580199756298
1940.38776639674,145.5290824797555,582.116329919022,1067.2132715182072
2714.0417332177703,203.55312999133278,814.2125199653311,1492.7229532697738
2715.1700920187714,203.63775690140784,814.5510276056314,1493.3435506103244
2800.6084778701556,210.04563584026167,840.1825433610467,1540.3346628285858
2869.860828834707,215.239562162603,860.958248650412,1578.4234558590888
2267.0135982914067,170.02601987185548,680.1040794874219,1246.8574790602738
2252.2744420307995,168.92058315230994,675.6823326092398,1238.7509431169399
2697.4427684501625,202.30820763376218,809.2328305350487,1483.5935226475895
2474.945896166648,185.6209422124986,742.4837688499944,1361.2202428916564
2552.950315886555,191.47127369149163,765.8850947659665,1404.1226737376053
2693.689004154152,202.02667531156138,808.1067012462455,1481.5289522847836
2835.0080127263495,212.6256009544762,850.5024038179048,1559.2544069994924
2006.9927352773038,150.5244551457978,602.0978205831912,1103.846004402517
2063.3744289599163,154.75308217199373,619.0123286879749,1134.855935927954
1640.9729097613035,123.07296823209776,492.29187292839106,902.535100368717
2367.420211494261,177.55651586206957,710.2260634482783,1302.0811163218436
1553.913410695113,116.54350580213347,466.17402320853387,854.6523758823123
2198.39702719869,164.87977703990174,659.519108159607,1209.1183649592797
2313.966952061365,173.54752140460238,694.1900856184095,1272.681823633751
1929.8118781924265,144.73589086443198,578.9435634577279,1061.3965330058347
2386.2498908535163,178.96874181401373,715.8749672560549,1312.437439969434
1545.750374908574,115.93127811814304,463.72511247257216,850.1627061997158
1556.0222831238216,116.70167123428661,466.80668493714643,855.8122557181019
2733.9008409894873,205.04256307421153,820.1702522968461,1503.6454625442182
2040.2859621168943,153.02144715876707,612.0857886350683,1122.157279164292
1690.590768977827,126.79430767333703,507.1772306933481,929.824922937805
2283.3648900822063,171.25236675616546,685.0094670246618,1255.8506895452135
2654.990329647916,199.1242747235937,796.4970988943747,1460.2446813063539
1823.7315412452647,136.77986559339485,547.1194623735794,1003.0523476848956
2434.3357137285,182.5751785296375,730.30071411855,1338.8846425506752
1628.021197490652,122.10158981179889,488.40635924719555,895.4116586198586
1577.5225817529115,118.31419363146836,473.2567745258734,867.6374199641014
2297.0319473522222,172.27739605141667,689.1095842056667,1263.3675710437224
2310.95268241516,173.32145118113698,693.2858047245479,1271.023975328338
2456.1448522473097,184.21086391854823,736.8434556741929,1350.8796687360204
2589.1370005839926,194.18527504379944,776.7411001751977,1424.0253503211961
2963.778119193802,222.28335893953513,889.1334357581405,1630.0779655565912
2274.450522451793,170.58378918388448,682.3351567355379,1250.9477873484861
1984.4347094118689,148.83260320589017,595.3304128235607,1091.439090176528
2692.7792921530554,201.95844691147914,807.8337876459166,1481.0286106841806
1906.2483768931113,142.96862826698333,571.8745130679333,1048.4366072912112
2158.4571310584543,161.88428482938406,647.5371393175362,1187.15142208215
1617.684572013399,121.32634290100492,485.3053716040197,889.7265146073695
1538.0261151231862,115.35195863423895,461.4078345369558,845.9143633177524
2943.9726220168877,220.79794665126659,883.1917866050663,1619.1849421092884
2753.9701807683086,206.54776355762314,826.1910542304926,1514.6835994225698
2543.961309140547,190.79709818554105,763.1883927421642,1399.178720027301
2113.429416621405,158.50720624660536,634.0288249864215,1162.3861791417728
1759.9414801062687,131.99561100797015,527.9824440318806,967.9678140584479
1734.655564006629,130.09916730049716,520.3966692019886,954.060560203646
1875.364347246893,140.65232604351698,562.6093041740679,1031.4503909857913
2323.839997059181,174.28799977943856,697.1519991177543,1278.1119983825495
2571.893884050093,192.892041303757,771.568165215028,1414.5416362275514
2490.2960650765967,186.77220488074474,747.088819522979,1369.6628357921284
1919.9008454189143,143.99256340641855,575.9702536256742,1055.945464980403
2932.297920994791,219.92234407460933,879.6893762984373,1612.7638565471352
2606.845375043653,195.51340312827395,782.0536125130958,1433.7649562740091
2331.531078767101,174.86483090753256,699.4593236301303,1282.3420933219056
2417.5811193515283,181.31858395136462,725.2743358054585,1329.6696156433406
2129.400093641685,159.70500702312637,638.8200280925055,1171.170051502927
1871.5964842517362,140.3697363188802,561.4789452755208,1029.378066338455
2033.9590179768925,152.54692634826694,610.1877053930677,1118.677459887291
2636.7691656965535,197.7576874272415,791.030749708966,1450.2230411331045
1521.5902329446337,114.11926747084753,456.47706988339013,836.8746281195486
1674.1089607603744,125.55817205702807,502.2326882281123,920.759928418206
1569.0039630326291,117.67529722744717,470.7011889097887,862.9521796679461
1561.0932034784553,117.08199026088414,468.32796104353656,858.6012619131504
2783.1908760165106,208.7393157012383,834.9572628049532,1530.754981809081
2555.4867890700352,191.66150918025264,766.6460367210105,1405.5177339885195
2211.2607436309877,165.84455577232407,663.3782230892963,1216.1934089970434
1646.7512409765022,123.50634307323766,494.02537229295064,905.7131825370762
2237.4238126752484,167.80678595064362,671.2271438025745,1230.5830969713868
2210.2076561708486,165.76557421281365,663.0622968512546,1215.6142108939669
1759.8028048650228,131.9852103648767,527.9408414595068,967.8915426757626
2150.7774738569597,161.30831053927196,645.2332421570878,1182.9276106213279
2097.7571015960602,157.3317826197045,629.327130478818,1153.7664058778332
2423.7751470783246,181.78313603087435,727.1325441234974,1333.0763308930786
2452.6404763014657,183.94803572260992,735.7921428904397,1348.9522619658062
1567.9560146580668,117.596701099355,470.38680439742,862.3758080619368
2061.9189219397067,154.643919145478,618.575676581912,1134.0554070668388
2438.7898735713543,182.90924051785157,731.6369620714063,1341.3344304642449
2254.7043878701315,169.10282909025986,676.4113163610394,1240.0874133285724
2784.7347617824835,208.85510713368626,835.420428534745,1531.6041189803661
2488.040447428418,186.60303355713134,746.4121342285254,1368.42224608563
1744.4016406221444,130.83012304666082,523.3204921866433,959.4209023421795
1605.8531211006448,120.43898408254836,481.75593633019344,883.2192166053547
2463.6289173094733,184.7721687982105,739.088675192842,1354.9959045202104
1539.7669658124328,115.48252243593245,461.9300897437298,846.8718311968381
2378.663371910195,178.39975289326463,713.5990115730585,1308.2648545506074
2910.3453621374365,218.27590216030774,873.103608641231,1600.6899491755903
2363.2112668138184,177.24084501103638,708.9633800441455,1299.7661967476001
2082.254889309783,156.1691166982337,624.6764667929348,1145.2401891203806
2464.9323276635296,184.86992457476472,739.4796982990589,1355.7127802149414
2187.379335737275,164.05345018029564,656.2138007211826,1203.0586346555015
2318.4251839739027,173.8818887980427,695.5275551921708,1275.1338511856466
2912.197213164788,218.4147909873591,873.6591639494364,1601.7084672406336
2079.1539567011614,155.9365467525871,623.7461870103484,1143.5346761856388
2941.7858457358716,220.63393843019037,882.5357537207615,1617.9822151547296
2858.0259629340953,214.35194722005716,857.4077888802286,1571.9142796137526
1793.6867021839446,134.52650266379584,538.1060106551834,986.5276862011696
1604.041951312748,120.3031463484561,481.2125853938244,882.2230732220115
1651.16700206614,123.83752515496049,495.35010061984195,908.141851136377
1527.3327384773245,114.54995538579934,458.19982154319734,840.0330061625285
1641.6644411338925,123.12483308504193,492.4993323401677,902.915442623641
2524.510160124535,189.33826200934013,757.3530480373605,1388.4805880684944
1606.7829726903435,120.50872295177575,482.034891807103,883.7306349796891
1978.4634454406419,148.38475840804813,593.5390336321925,1088.154894992353
2767.312966454182,207.54847248406364,830.1938899362545,1522.0221315498002
1534.9079036037388,115.1180927702804,460.4723710811216,844.1993469820563
2721.7027238834035,204.12770429125524,816.510817165021,1496.936498135872
1922.7821621601,144.2086621620075,576.83464864803,1057.5301891880551
1677.2472414324843,125.79354310743632,503.1741724297453,922.4859827878664
2545.105748046226,190.88293110346694,763.5317244138678,1399.8081614254243
2443.414270169826,183.25607026273696,733.0242810509478,1343.8778485934045
2816.2080202905795,211.21560152179345,844.8624060871738,1548.9144111598189
2602.606565705829,195.19549242793715,780.7819697117486,1431.433611138206
2705.221395577273,202.89160466829549,811.5664186731819,1487.8717675675005
1923.0518588569598,144.22888941427198,576.9155576570879,1057.678522371328
1766.1593156695842,132.46194867521882,529.8477947008753,971.3876236182714
2625.9221274612873,196.94415955959656,787.7766382383862,1444.2571701037082
2710.252108900896,203.2689081675672,813.0756326702688,1490.638659895493
2985.75771300101,223.93182847507575,895.727313900303,1642.1667421505556
2118.9265153671395,158.91948865253545,635.6779546101418,1165.409583451927
2058.027128689175,154.35203465168811,617.4081386067525,1131.9149207790463
2664.6194411129954,199.84645808347466,799.3858323338986,1465.5406926121477
2011.2053103795267,150.8403982784645,603.361593113858,1106.1629207087399
2896.1359884053472,217.21019913040104,868.8407965216041,1592.874793622941
2787.6191277645175,209.0714345823388,836.2857383293552,1533.1905202704847
2143.4910410625275,160.76182807968956,643.0473123187583,1178.9200725843903
2626.3066016872463,196.97299512654345,787.8919805061738,1444.4686309279855
2631.8143111270238,197.38607333452677,789.5442933381071,1447.4978711198632
1654.685803253899,124.10143524404242,496.4057409761697,910.0771917896445
2853.82936001935,214.03720200145125,856.148808005805,1569.6061480106428
2257.878558671786,169.34089190038392,677.3635676015357,1241.8332072694823
2739.6861991616124,205.47646493712094,821.9058597484837,1506.827409538887
1980.0744015459177,148.50558011594381,594.0223204637753,1089.040920850255
2843.2848427443005,213.24636320582252,852.9854528232901,1563.8066635093653
2083.8025181012445,156.28518885759334,625.1407554303734,1146.0913849556846
1516.2564772204476,113.71923579153356,454.87694316613425,833.9410624712463
2858.0729646288955,214.35547234716717,857.4218893886687,1571.9401305458928
1636.9300151792004,122.76975113844003,491.0790045537601,900.3115083485603
1978.9704563856224,148.42278422892167,593.6911369156867,1088.4337510120924
2925.0929505762074,219.38197129321554,877.5278851728622,1608.8011228169141
2925.910720406334,219.44330403047505,877.7732161219002,1609.2508962234838
2360.156832184929,177.01176241386966,708.0470496554786,1298.086257701711
2447.755818254699,183.5816863691024,734.3267454764097,1346.2657000400845
2172.6682829674796,162.95012122256097,651.8004848902439,1194.967555632114
1939.8161575470967,145.48621181603224,581.944847264129,1066.8988866509033
1992.996818054874,149.47476135411554,597.8990454164622,1096.1482499301808
2508.7776841155573,188.1583263086668,752.6333052346672,1379.8277262635565
2628.56179415652,197.142134561739,788.568538246956,1445.7089867860861
2687.368565588773,201.55264241915796,806.2105696766318,1478.0527110738253
2684.427214191831,201.3320410643873,805.3281642575492,1476.434967805507
1636.8091545730356,122.76068659297766,491.04274637191065,900.2450350151696
2241.6304570538723,168.12228427904043,672.4891371161617,1232.89675137963
1586.3381400249664,118.97536050187247,475.9014420074899,872.4859770137316
2324.293323485603,174.32199926142025,697.287997045681,1278.3613279170818
2162.2957520600658,162.17218140450493,648.6887256180197,1189.2626636330363
2831.5562741374497,212.36672056030872,849.4668822412349,1557.3559507755974
2026.372518828118,151.97793891210884,607.9117556484354,1114.504885355465
1675.6005246414088,125.67003934810566,502.68015739242264,921.580288552775
1714.4875230792538,128.58656423094402,514.3462569237761,942.9681376935897
2642.2659475762084,198.16994606821564,792.6797842728625,1453.2462711669148
2427.3270949743915,182.04953212307936,728.1981284923174,1335.0299022359154
1651.6840141841853,123.8763010638139,495.5052042552556,908.426207801302
1626.1602091724963,121.96201568793721,487.84806275174884,894.388115044873
2551.45369718868,191.359027289151,765.436109156604,1403.299533453774
1609.1445095462902,120.68583821597176,482.743352863887,885.0294802504598
2732.790088935534,204.95925667016505,819.8370266806602,1503.0345489145438
2559.3633407347443,191.95225055510582,767.8090022204233,1407.6498374041093
1622.0231709628497,121.65173782221372,486.6069512888549,892.1127440295674
1627.256571127788,122.0442428345841,488.1769713383364,894.9911141202834
2979.9593677517632,223.49695258138223,893.9878103255289,1638.97765226347
2061.4061936341805,154.60546452256352,618.4218580902541,1133.7734064987994
2055.963220600336,154.1972415450252,616.7889661801008,1130.779771330185
2719.199350886254,203.93995131646903,815.7598052658761,1495.5596429874397
2920.872866075788,219.0654649556841,876.2618598227364,1606.4800763416836
2979.0015957343066,223.42511968007298,893.7004787202919,1638.4508776538687
2630.0672778884127,197.25504584163096,789.0201833665238,1446.5370028386271
2064.3893782963737,154.82920337222802,619.3168134889121,1135.4141580630057
1625.2510750480033,121.89383062860024,487.57532251440097,893.8880912764018
2665.720373891155,199.9290280418366,799.7161121673464,1466.1462056401353
2337.6063746037075,175.32047809527805,701.2819123811122,1285.6835060320393
2136.3330138704646,160.22497604028484,640.8999041611394,1174.9831576287556
2859.531577642104,214.4648683231578,857.8594732926312,1572.7423677031572
1666.796223459227,125.00971675944201,500.03886703776806,916.7379229025748
2238.9376564362888,167.92032423272164,671.6812969308866,1231.415711039959
1517.0304671511285,113.77728503633463,455.10914014533853,834.3667569331208
2202.9909629911895,165.2243222243392,660.8972888973568,1211.6450296451544
1584.454913522756,118.8341185142067,475.3364740568268,871.4502024375158
1678.2268744021078,125.86701558015808,503.4680623206323,923.0247809211594
1676.2893701656574,125.7217027624243,502.8868110496972,921.9591535911117
2473.815453174095,185.53615898805714,742.1446359522286,1360.5984992457525
2619.067318898135,196.43004891736012,785.7201956694405,1440.4870253939744
2375.0531476457395,178.12898607343047,712.5159442937219,1306.2792312051567
2943.258822711813,220.74441170338596,882.9776468135439,1618.7923524914972
2062.305869285556,154.6729401964167,618.6917607856668,1134.268228107056
1928.5681294227911,144.64260970670932,578.5704388268373,1060.7124711825352
2802.8986922841905,210.2174019213143,840.8696076852572,1541.594280756305
1835.393757779179,137.65453183343843,550.6181273337537,1009.4665667785486
2944.8338091609166,220.86253568706874,883.450142748275,1619.6585950385042
1518.2317120347245,113.86737840260433,455.4695136104173,835.0274416190986
2954.8182400614587,221.6113680046094,886.4454720184376,1625.1500320338025
1564.7398679258642,117.35549009443982,469.42196037775926,860.6069273592254
2836.714670547107,212.753600291033,851.014401164132,1560.1930688009088
2291.5516636294496,171.86637477220873,687.4654990888349,1260.3534149961974
2989.4471941789507,224.20853956342128,896.8341582536851,1644.195956798423
1610.6948471030983,120.80211353273236,483.20845413092945,885.8821659067041
2330.7814266019814,174.8086069951486,699.2344279805944,1281.92978463109
2953.9538034286484,221.54653525714863,886.1861410285945,1624.6745918857566
2284.646766255223,171.34850746914174,685.394029876567,1256.5557214403727
2444.0979572028937,183.30734679021703,733.2293871608681,1344.2538764615915
2543.6230334769257,190.7717275107694,763.0869100430776,1398.9926684123093
2181.81159715166,163.63586978637449,654.5434791454979,1199.9963784334132
2441.337120126095,183.10028400945714,732.4011360378286,1342.7354160693524
2376.4714678846503,178.23536009134878,712.9414403653951,1307.0593073365578
2851.7370157364835,213.88027618023625,855.521104720945,1568.455358655066
1568.1695705121867,117.612717788414,470.450871153656,862.4932637817028
1921.4447843883454,144.1083588291259,576.4334353165036,1056.79463141359
2925.617226114838,219.42129195861284,877.6851678344514,1609.0894743631611
2835.3956758363747,212.6546756877281,850.6187027509123,1559.4676217100061
2183.4851291785694,163.7613846883927,655.0455387535708,1200.9168210482133
2430.1988967023053,182.2649172526729,729.0596690106916,1336.609393186268
1916.071774471699,143.7053830853774,574.8215323415096,1053.8394759594346
1782.181739585642,133.66363046892315,534.6545218756926,980.1999567721032
2195.5476074099734,164.666070555748,658.664282222992,1207.5511840754855
2030.0283420390792,152.25212565293094,609.0085026117238,1116.5155881214937
2375.484167776308,178.1613125832231,712.6452503328924,1306.5162922769694
1616.6019554474772,121.24514665856078,484.98058663424314,889.1310754961125
2961.59221149925,222.11941586244373,888.4776634497749,1628.8757163245875
2979.3161167194044,223.44870875395532,893.7948350158213,1638.6238641956725
2547.2425710296175,191.0431928272213,764.1727713088852,1400.9834140662897
2304.1445495161806,172.81084121371353,691.2433648548541,1267.2795022338994
1964.2914244294916,147.32185683221186,589.2874273288475,1080.3602834362205
2720.6925295604233,204.05193971703173,816.2077588681269,1496.3808912582329
2527.096758830819,189.53225691231142,758.1290276492457,1389.9032173569506
1743.925409017337,130.79440567630027,523.1776227052011,959.1589749595354
2866.3907767407636,214.97930825555727,859.9172330222291,1576.5149272074202
2733.8058643847535,205.0354398288565,820.141759315426,1503.5932254116146
2924.699869937886,219.35249024534144,877.4099609813658,1608.5849284658375
2588.5792625825397,194.14344469369047,776.5737787747619,1423.718594420397
2420.122793903685,181.50920954277635,726.0368381711054,1331.0675366470268
2127.3645544359283,159.55234158269462,638.2093663307785,1170.0505049397607
2899.0927250310197,217.43195437732646,869.7278175093059,1594.500998767061
2799.095834250613,209.93218756879597,839.7287502751839,1539.5027088378372
1567.8280051592842,117.5871003869463,470.3484015477852,862.3054028376064
1539.550461745878,115.46628463094085,461.8651385237634,846.752753960233
2064.6950503170747,154.8521287737806,619.4085150951224,1135.5822776743912
2715.8299961727494,203.6872497129562,814.7489988518248,1493.7064978950123
2980.914193972417,223.56856454793126,894.274258191725,1639.5028066848295
1725.6253366552924,129.42190024914692,517.6876009965877,949.0939351604109
2391.1960730282026,179.3397054771152,717.3588219084608,1315.1578401655115
2071.336284946532,155.35022137098989,621.4008854839595,1139.2349567205927
2954.871596721905,221.61536975414288,886.4614790165715,1625.179378197048
2763.178384703563,207.23837885276723,828.9535154110689,1519.7481115869598
2757.4930570667066,206.811979280003,827.247917120012,1516.6211813866887
2203.0397396924554,165.22798047693416,660.9119219077367,1211.6718568308506
2122.229253506498,159.16719401298735,636.6687760519494,1167.226089428574
1910.1106078960593,143.25829559220443,573.0331823688177,1050.5608343428328
1584.5632449763907,118.8422433732293,475.3689734929172,871.5097847370149
2797.08356438258,209.78126732869347,839.1250693147739,1538.395960410419
2719.3515136951164,203.95136352713374,815.805454108535,1495.6433325323142
2999.5765099291957,224.96823824468967,899.8729529787587,1649.7670804610577
2994.9552556108583,224.62164417081436,898.4865766832575,1647.2253905859723
2333.1475584039413,174.9860668802956,699.9442675211824,1283.2311571221678
2653.481122770766,199.01108420780744,796.0443368312298,1459.4146175239214
2917.1485948236423,218.78614461177315,875.1445784470926,1604.4317271530033
2774.471086016117,208.0853314512088,832.3413258048352,1525.9590973088646
1871.0221526147966,140.32666144610974,561.306645784439,1029.062183938138
2175.8162029651403,163.18621522238553,652.7448608895421,1196.6989116308273
1693.7391227272424,127.03043420454317,508.1217368181727,931.5565174999833
2931.0765408880834,219.83074056660624,879.322962266425,1612.092097488446
2409.26195167632,180.694646375724,722.778585502896,1325.0940734219762
1842.964208255194,138.22231561913955,552.8892624765582,1013.6303145403568
2507.551026608785,188.06632699565887,752.2653079826355,1379.1530646348317
2427.1923606868436,182.03942705151326,728.157708206053,1334.955798377764
2037.2440770492608,152.79330577869456,611.1732231147782,1120.4842423770936
1670.3363882994436,125.27522912245826,501.100916489833,918.685013564694
2507.3597933891992,188.05198450418993,752.2079380167597,1379.0478863640597
2280.46155135569,171.03461635167676,684.138465406707,1254.2538532456297
2658.477587603459,199.38581907025943,797.5432762810377,1462.1626731819026
2280.24525166799,171.01839387509924,684.0735755003969,1254.1348884173947
2778.2722504778103,208.37041878583577,833.4816751433431,1528.0497377627958
2327.8602581617283,174.5895193621296,698.3580774485184,1280.3231419889507
2341.4069573030793,175.60552179773094,702.4220871909238,1287.7738265166936
2814.9804039875175,211.12353029906382,844.4941211962553,1548.2392221931348
2105.2242993185955,157.89182244889466,631.5672897955786,1157.8733646252276
1701.022842675961,127.57671320069707,510.3068528027883,935.5625634717787
1543.1740144700084,115.73805108525062,462.95220434100247,848.7457079585047
2632.7058835104285,197.45294126328213,789.8117650531285,1447.9882359307358
2430.4643270301967,182.28482452726476,729.139298109059,1336.7553798666083
2556.1196521488355,191.70897391116264,766.8358956446506,1405.8658086818596
1819.446242263366,136.45846816975245,545.8338726790098,1000.6954332448514
1704.5572133801547,127.8417910035116,511.3671640140464,937.5064673590851
1521.8169985018228,114.1362748876367,456.5450995505468,836.9993491760026
2025.8813382098956,151.94110036574216,607.7644014629686,1114.2347360154426
2384.8765302819497,178.86573977114622,715.4629590845849,1311.6820916550726
2088.3660676495983,156.62745507371986,626.5098202948794,1148.6013372072791
2156.2123830355936,161.7159287276695,646.863714910678,1185.9168106695765
2856.2380417406225,214.21785313054667,856.8714125221867,1570.9309229573425
2022.3832005349504,151.67874004012128,606.7149601604851,1112.3107602942227
2270.9842337397163,170.32381753047872,681.2952701219149,1249.041328556844
2675.4795191117146,200.66096393337858,802.6438557335143,1471.5137355114432
2094.814173481905,157.11106301114287,628.4442520445715,1152.147795415048
2433.13005034181,182.48475377563577,729.9390151025431,1338.2215276879956
2793.5455631201175,209.5159172340088,838.0636689360352,1536.4500597160647
2924.280935486463,219.32107016148473,877.2842806459389,1608.354514517555
1720.610221393557,129.04576660451676,516.183066418067,946.3356217664564
2889.8814377422414,216.74110783066808,866.9644313226723,1589.4347907582328
2238.174439619307,167.86308297144802,671.4523318857921,1230.995941790619
1887.3665824484374,141.5524936836328,566.2099747345312,1038.0516203466407
2188.703634357392,164.15277257680438,656.6110903072175,1203.7869988965656
2970.0488629282154,222.75366471961615,891.0146588784646,1633.5268746105187
2238.9271409893045,167.91953557419782,671.6781422967913,1231.4099275441176
1993.1274154312623,149.48455615734466,597.9382246293786,1096.2200784871943
2450.1012814750884,183.75759611063162,735.0303844425265,1347.5557048112987
1860.2184281672896,139.51638211254672,558.0655284501869,1023.1201354920094
1613.7949921629959,121.03462441222469,484.13849764889875,887.5872456896478
1693.3195828659739,126.99896871494803,507.99587485979214,931.3257705762857
1692.0687584366588,126.9051568827494,507.6206275309976,930.6378171401624
1727.8540402684416,129.58905302013312,518.3562120805325,950.319722147643
1708.2407589741151,128.11805692305862,512.4722276922345,939.5324174357634
2461.312117204822,184.59840879036162,738.3936351614465,1353.7216644626521
1772.8201265987173,132.9615094949038,531.8460379796152,975.0510696292946
2018.5009249857949,151.3875693739346,605.5502774957384,1110.1755087421873
2845.182614859018,213.38869611442635,853.5547844577054,1564.8504381724601
2210.9424603943085,165.82068452957313,663.2827381182925,1216.0183532168699
2501.336607781541,187.60024558361556,750.4009823344622,1375.7351342798474
1758.4798068024447,131.88598551018336,527.5439420407334,967.1638937413446
1788.4335282130062,134.13251461597545,536.5300584639018,983.6384405171535
1561.3029243997182,117.09771932997886,468.39087731991543,858.7166084198451
1753.4025946082468,131.5051945956185,526.020778382474,964.3714270345358
1917.885508547938,143.84141314109533,575.3656525643813,1054.837029701366
1765.5157264151203,132.413679481134,529.654717924536,971.0336495283162
1633.0538006355835,122.47903504766876,489.91614019067504,898.179590349571
1680.9538066509012,126.07153549881758,504.2861419952703,924.5245936579958
2191.168152049089,164.33761140368165,657.3504456147266,1205.142483626999
1809.5005776086887,135.71254332065163,542.8501732826065,995.2253176847788
2046.404791572113,153.48035936790848,613.9214374716339,1125.5226353646622
2255.1259062822855,169.1344429711714,676.5377718846856,1240.3192484552571
2535.592242944048,190.16941822080358,760.6776728832143,1394.5757336192264
1558.9682097616485,116.92261573212363,467.6904629284945,857.4325153689067
2699.115598363564,202.4336698772673,809.7346795090692,1484.5135790999602
2441.8505842363616,183.1387938177271,732.5551752709084,1343.017821329999
1622.638547923308,121.69789109424809,486.79156437699237,892.4512013578194
2810.3679361601658,210.77759521201241,843.1103808480497,1545.7023648880913
2881.30860079772,216.098145059829,864.392580239316,1584.7197304387462
1591.6169397822957,119.37127048367218,477.4850819346887,875.3893168802628
1915.3164722208055,143.6487354165604,574.5949416662417,1053.4240597214432
2709.301919689592,203.1976439767194,812.7905759068776,1490.1160558292759
2622.3895355754876,196.67921516816156,786.7168606726462,1442.3142445665183
1776.7815290345661,133.25861467759245,533.0344587103698,977.2298409690114
1814.0239850050655,136.05179887537992,544.2071955015197,997.7131917527861
2055.708154187073,154.17811156403047,616.7124462561219,1130.6394848028901
2226.784477786532,167.0088358339899,668.0353433359596,1224.7314627825926
2427.382157295444,182.0536617971583,728.2146471886332,1335.0601865124943
2053.3704593546586,154.00278445159938,616.0111378063975,1129.3537526450623
2193.8020741997216,164.5351555649791,658.1406222599164,1206.591140809847
2621.206407200635,196.59048054004762,786.3619221601905,1441.6635239603495
1555.0248043358968,116.62686032519225,466.507441300769,855.2636423847433
1878.6554165160312,140.89915623870235,563.5966249548094,1033.2604790838172
2570.024378826829,192.75182841201217,771.0073136480487,1413.5134083547562
2842.810256530799,213.21076923980993,852.8430769592397,1563.5456410919396
2267.516163173499,170.0637122380124,680.2548489520497,1247.1338897454245
2298.1702278979737,172.36276709234804,689.4510683693921,1263.9936253438857
1660.7580170096642,124.55685127572481,498.22740510289924,913.4169093553154
2171.118550235182,162.83389126763862,651.3355650705545,1194.11520262935
2298.9258996825347,172.41944247619008,689.6777699047603,1264.4092448253941
1863.7057554520945,139.77793165890708,559.1117266356283,1025.038165498652
1903.8648464240714,142.78986348180536,571.1594539272214,1047.1256655332393
2065.9262446569337,154.94446834927,619.77787339708,1136.2594345613136
1530.1067966665896,114.75800974999422,459.03203899997686,841.5587381666244
1983.1187483747674,148.73390612810755,594.9356245124302,1090.7153116061222
1817.172010494817,136.28790078711125,545.151603148445,999.4446057721494
1991.246028266872,149.3434521200154,597.3738084800616,1095.1853155467797
1679.6431977288769,125.97323982966576,503.89295931866303,923.8037587508824
2835.790921109842,212.68431908323817,850.7372763329527,1559.6850066104134
2390.388680331073,179.27915102483047,717.1166040993219,1314.7137741820902
2518.6534787167343,188.89901090375506,755.5960436150202,1385.259413294204
2683.7568579110075,201.28176434332556,805.1270573733023,1476.0662718510544
2247.663298393586,168.57474737951895,674.2989895180758,1236.2148141164723
1630.3804321311354,122.27853240983515,489.1141296393406,896.7092376721246
2305.6598127278216,172.92448595458663,691.6979438183465,1268.112897000302
2380.261677031319,178.51962577734892,714.0785031093957,1309.1439223672255
2618.1592112764947,196.3619408457371,785.4477633829484,1439.9875662020722
2147.489319344519,161.06169895083892,644.2467958033557,1181.1191256394857
1691.3704541933457,126.85278406450092,507.4111362580037,930.2537498063402
1925.6638586980866,144.42478940235648,577.6991576094259,1059.1151222839478
2044.6234445979526,153.34675834484645,613.3870333793858,1124.542894528874
2468.875861997402,185.16568964980513,740.6627585992205,1357.881724098571
2356.167457003368,176.71255927525257,706.8502371010103,1295.8921013518525
2034.1450888467693,152.5608816635077,610.2435266540308,1118.7797988657233
2979.7728731894695,223.48296548921022,893.9318619568409,1638.8750802542083
2408.6622290353307,180.6496671776498,722.5986687105992,1324.764225969432
1855.8401876039916,139.18801407029937,556.7520562811975,1020.7121031821955
1652.6737089306057,123.95052816979542,495.8021126791817,908.9705399118332
1729.288708776498,129.69665315823735,518.7866126329494,951.1087898270739
1868.9365925767622,140.17024444325716,560.6809777730286,1027.9151259172193
1741.0220598893336,130.57665449170003,522.3066179668001,957.5621329391336
1779.8505360769586,133.4887902057719,533.9551608230876,978.9177948423273
1927.6427530407707,144.57320647805778,578.2928259122311,1060.2035141724239
1760.0603929421322,132.00452947065992,528.0181178826397,968.0332161181728
2845.148136939638,213.38611027047284,853.5444410818914,1564.831475316801
1620.3506184924634,121.52629638693475,486.105185547739,891.1928401708549
2286.767084355382,171.50753132665363,686.0301253066145,1257.7218963954601
2115.595240484492,158.6696430363369,634.6785721453476,1163.5773822664707
2973.5679253629096,223.0175944022182,892.0703776088728,1635.4623589496005
1668.0583532520786,125.10437649390589,500.41750597562356,917.4320942886433
2096.7833985686125,157.25875489264592,629.0350195705837,1153.230869212737
2954.205649913053,221.565423743479,886.261694973916,1624.8131074521793
2798.2606888409705,209.86955166307277,839.4782066522911,1539.043378862534
2725.6081064239197,204.42060798179398,817.6824319271759,1499.084458533156
1886.8542405674098,141.51406804255572,566.0562721702229,1037.7698323120756
1756.3313810850987,131.7248535813824,526.8994143255296,965.9822595968043
2502.9648298866464,187.72236224149847,750.8894489659939,1376.6306564376557
2894.063983691379,217.0547987768534,868.2191951074136,1591.7351910302584
2335.1443395208944,175.13582546406707,700.5433018562683,1284.329386736492
2357.4190342048496,176.80642756536372,707.2257102614549,1296.5804688126673
1919.9686404904262,143.99764803678195,575.9905921471278,1055.9827522697344
2654.2393997879053,199.0679549840929,796.2718199363716,1459.831669883348
1780.565622836285,133.54242171272136,534.1696868508855,979.3110925599568
1985.5188546063655,148.9139140954774,595.6556563819096,1092.035370033501
2138.154657924625,160.36159934434687,641.4463973773875,1175.985061858544
2261.4155680266826,169.6061676020012,678.4246704080048,1243.7785624146757
1863.6145986226204,139.77109489669652,559.0843795867861,1024.9880292424414
1672.2552371088054,125.4191427831604,501.6765711326416,919.740380409843
2415.930063662449,181.19475477468367,724.7790190987347,1328.761535014347
1932.9458298603836,144.97093723952875,579.883748958115,1063.1202064232111
2371.857332133918,177.88929991004386,711.5571996401754,1304.521532673655
1731.5440729113034,129.86580546834776,519.463221873391,952.3492401012169
2221.710152782226,166.62826145866694,666.5130458346678,1221.9405840302245
2298.884148827379,172.4163111620534,689.6652446482136,1264.3862818550585
1577.7353052336402,118.33014789252302,473.32059157009206,867.7544178785022
2004.9064172908809,150.36798129681605,601.4719251872642,1102.6985295099846
1701.6220154084613,127.6216511556346,510.4866046225384,935.8921084746538
1595.0624557091517,119.62968417818637,478.51873671274546,877.2843506400335
2984.940348584918,223.87052614386883,895.4821045754753,1641.717191721705
1983.5307674620844,148.76480755965633,595.0592302386253,1090.9419221041464
2714.811668781952,203.6108751586464,814.4435006345856,1493.1464178300737
1881.9609821456459,141.14707366092344,564.5882946436938,1035.0785401801054
2522.254083335894,189.16905625019203,756.6762250007681,1387.2397458347418
2640.3417898345297,198.0256342375897,792.1025369503589,1452.1879844089915
2393.458110911766,179.50935831838245,718.0374332735298,1316.4019610014716
2207.3642828252378,165.55232121189283,662.2092848475713,1214.0503555538808
2117.7613712209027,158.8321028415677,635.3284113662708,1164.7687541714965
2023.302399814493,151.74767998608695,606.9907199443478,1112.8163198979712
2894.293716371739,217.0720287278804,868.2881149115216,1591.8615440044564
2745.929111681594,205.94468337611954,823.7787335044782,1510.2610114248769
2947.540365999769,221.06552744998268,884.2621097999307,1621.1472012998731
1686.445835228317,126.48343764212377,505.9337505684951,927.5452093755745
2596.301212805466,194.72259096040995,778.8903638416398,1427.9656670430065
2907.5106852315566,218.06330139236675,872.253205569467,1599.1308768773563
1771.8495992484902,132.88871994363677,531.5548797745471,974.5172795866697
1599.7444010501663,119.98083007876247,479.92332031504986,879.8594205775915
2611.6809739350883,195.87607304513162,783.5042921805265,1436.4245356642987
2361.709669769868,177.1282252327401,708.5129009309604,1298.9403183734275
2762.743165137408,207.2057373853056,828.8229495412224,1519.5087408255747
1709.6585649394342,128.22439237045756,512.8975694818303,940.3122107166889
2692.9009677898352,201.96757258423764,807.8702903369506,1481.0955322844095
1802.4409800716169,135.18307350537125,540.732294021485,991.3425390393894
1745.4839142985568,130.91129357239174,523.645174289567,960.0161528642063
1746.3986968964894,130.9799022672367,523.9196090689468,960.5192832930692
2721.862080347073,204.13965602603048,816.5586241041219,1497.0241441908904
2497.7958310443,187.3346873283225,749.33874931329,1373.787707074365
2284.598137153679,171.34486028652591,685.3794411461037,1256.5289754345235
2038.2457261852537,152.86842946389402,611.4737178555761,1121.0351494018896
2815.800811219662,211.18506084147467,844.7402433658987,1548.6904461708143
2088.667661133953,156.65007458504647,626.6002983401859,1148.7672136236743
2724.8991592073653,204.36743694055238,817.4697477622095,1498.694537564051
2158.7023628553275,161.90267721414955,647.6107088565982,1187.2862995704302
2065.4166441373613,154.9062483103021,619.6249932412084,1135.9791542755488
2194.0196785044095,164.55147588783072,658.2059035513229,1206.7108231774253
1952.066811246213,146.405010843466,585.620043373864,1073.6367461854172
2621.4140702643767,196.60605526982826,786.424221079313,1441.7777386454072
2254.0805851387186,169.05604388540388,676.2241755416155,1239.7443218262954
1848.319042720226,138.62392820401695,554.4957128160678,1016.5754734961243
2849.3618599118527,213.70213949338896,854.8085579735558,1567.149022951519
2075.836832059817,155.68776240448628,622.7510496179451,1141.7102576328994
2315.329291670983,173.6496968753237,694.5987875012949,1273.4311104190408
2859.7081664468205,214.47811248351152,857.9124499340461,1572.8394915457513
2436.356993870988,182.7267745403241,730.9070981612964,1339.9963466290435
1675.3470610625461,125.65102957969096,502.6041183187638,921.4408835844005
2909.7481854202124,218.23111390651593,872.9244556260637,1600.361501981117
2441.5620796071266,183.1171559705345,732.468623882138,1342.8591437839198
2002.3584219856293,150.1768816489222,600.7075265956888,1101.2971320920963
1708.908108995081,128.16810817463107,512.6724326985243,939.8994599472946
2691.037783905444,201.8278337929083,807.3113351716332,1480.0707811479942
2430.1091338927704,182.25818504195777,729.0327401678311,1336.560023641024
2300.191637964482,172.51437284733615,690.0574913893446,1265.1054008804654
2840.8388745764364,213.06291559323273,852.2516623729309,1562.4613810170401
2682.8958168367963,201.21718626275972,804.8687450510389,1475.592699260238
1727.5123195991268,129.56342396993452,518.2536958797381,950.1317757795198
1967.5831016933223,147.56873262699918,590.2749305079967,1082.1707059313273
1872.7337097216987,140.4550282291274,561.8201129165096,1030.0035403469344
2615.9194388590154,196.19395791442614,784.7758316577045,1438.7556913724586
1550.2986521036692,116.27239890777518,465.08959563110074,852.6642586570181
2354.834527306975,176.61258954802312,706.4503581920925,1295.1589900188362
2643.688028611036,198.2766021458277,793.1064085833108,1454.0284157360697
2815.1484551426242,211.1361341356968,844.5445365427872,1548.3316503284434
2013.1226230738612,150.9841967305396,603.9367869221584,1107.2174426906238
2731.8859570080194,204.89144677560145,819.5657871024058,1502.5372763544108
1665.9476054328109,124.94607040746081,499.78428162984324,916.271182988046
2769.678437601777,207.72588282013328,830.9035312805331,1523.3231406809775
1691.2329934979737,126.84247451234802,507.3698980493921,930.1781464238856
2095.930935840551,157.1948201880413,628.7792807521652,1152.762014712303
2695.9430486693304,202.19572865019978,808.7829146007991,1482.7686767681319
1724.8761410231607,129.36571057673706,517.4628423069482,948.6818775627385
1843.877092848962,138.29078196367215,553.1631278546886,1014.1324010669292
2583.3788525895993,193.75341394421994,775.0136557768798,1420.8583689242798
2580.0548048191113,193.50411036143333,774.0164414457333,1419.0301426505114
2461.721449327946,184.62910869959595,738.5164347983838,1353.9467971303704
2540.92266670065,190.56920000254874,762.276800010195,1397.5074666853577
2314.0866650213943,173.55649987660456,694.2259995064182,1272.747665761767
1877.698588360429,140.82739412703216,563.3095765081287,1032.734223598236
2018.5439902558792,151.39079926919092,605.5631970767637,1110.1991946407336
1772.3965752021386,132.92974314016038,531.7189725606415,974.8181163611763
2862.6758420004426,214.7006881500332,858.8027526001327,1574.4717131002435
2375.087692149181,178.13157691118855,712.5263076447542,1306.2982306820495
2101.2771251454596,157.59578438590947,630.3831375436379,1155.702418830003
2193.008705466199,164.4756529099649,657.9026116398596,1206.1547880064095
2920.9250094177232,219.06937570632923,876.2775028253169,1606.5087551797478
1730.0271046741202,129.752032850559,519.008131402236,951.5149075707662
2379.3447480251957,178.45085610188968,713.8034244075587,1308.6396114138577
2258.833018326699,169.4124763745024,677.6499054980096,1242.3581600796845
2417.181353151972,181.28860148639788,725.1544059455915,1329.4497442335846
1527.1652757312609,114.53739567984456,458.14958271937826,839.9409016521936
2808.185863416227,210.61393975621704,842.4557590248681,1544.502224878925
2898.1774237254185,217.36330677940637,869.4532271176255,1593.9975830489802
2347.699775383813,176.07748315378598,704.3099326151439,1291.2348764610974
2544.9762358153384,190.87321768615038,763.4928707446015,1399.7369296984361
2883.7490717659434,216.28118038244574,865.124721529783,1586.061989471269
2560.8579514700978,192.06434636025733,768.2573854410293,1408.471873308554
1728.808564371392,129.6606423278544,518.6425693114176,950.8447104042657
2364.43254025022,177.3324405187665,709.329762075066,1300.4378971376211
2410.072569574284,180.7554427180713,723.0217708722852,1325.5399132658563
2136.196006953579,160.2147005215184,640.8588020860736,1174.9078038244686
2604.6663534370846,195.34997650778135,781.3999060311254,1432.5664943903967
2901.5505221535223,217.61628916151417,870.4651566460567,1595.8527871844374
2888.3527693601645,216.62645770201235,866.5058308080494,1588.5940231480906
2176.2590571061983,163.21942928296485,652.8777171318594,1196.942481408409
1669.857068761133,125.23928015708496,500.95712062833985,918.4213878186232
2977.261798443502,223.29463488326263,893.1785395330505,1637.4939891439262
2758.3471296689013,206.87603472516759,827.5041389006703,1517.090921317896
1686.9940218049003,126.52455163536752,506.09820654147006,927.8467119926952
2881.2628239260584,216.09471179445438,864.3788471778175,1584.6945531593324
2804.8445430931924,210.36334073198944,841.4533629279578,1542.664498701256
2278.257085689108,170.8692814266831,683.4771257067324,1253.0413971290095
2386.9131536173936,179.0184865213045,716.073946085218,1312.8022344895667
2098.5040558051955,157.38780418538965,629.5512167415586,1154.1772306928576
1582.142458233047,118.66068436747851,474.64273746991404,870.1783520281758
2002.7958624688513,150.20968968516385,600.8387587406554,1101.5377243578682
2704.280172897017,202.8210129672763,811.2840518691052,1487.3540950933595
1506.9480345069044,113.02110258801783,452.0844103520713,828.8214189787975
2000.2487575367163,150.0186568152537,600.0746272610148,1100.1368166451941
2097.253040386415,157.29397802898112,629.1759121159245,1153.4891722125283
2306.0934044068845,172.95700533051632,691.8280213220653,1268.3513724237866
2879.7834246191405,215.98375684643554,863.9350273857422,1583.8808835405275
2019.5189915489418,151.46392436617063,605.8556974646825,1110.735445351918
2020.4298028443416,151.5322352133256,606.1289408533024,1111.236391564388
2606.2518721646225,195.46889041234667,781.8755616493867,1433.4385296905425
2178.3269113347105,163.37451835010327,653.4980734004131,1198.0798012340908
1836.907234409973,137.76804258074796,551.0721703229918,1010.2989789254852
2178.65927419904,163.399445564928,653.597782259712,1198.262600809472
1711.2855305696999,128.34641479272747,513.3856591709099,941.207041813335
1764.580479759335,132.3435359819501,529.3741439278004,970.5192638676343
2247.5516591092196,168.56637443319147,674.2654977327659,1236.153412510071
2128.388174256822,159.62911306926165,638.5164522770466,1170.6134958412522
2872.26885160215,215.42016387016125,861.680655480645,1579.7478683811826
2043.5908486749497,153.26931365062123,613.0772546024849,1123.9749667712224
2370.882525417065,177.81618940627988,711.2647576251195,1303.985388979386
2448.3964318792955,183.62973239094717,734.5189295637887,1346.6180375336126
1519.6416848825004,113.97312636618753,455.8925054647501,835.8029266853753
2495.306058025066,187.14795435187992,748.5918174075197,1372.4183319137862
1767.053950304627,132.529046272847,530.116185091388,971.8796726675449
2941.6054762041827,220.62041071531368,882.4816428612547,1617.8830119123006
1722.9940916296694,129.2245568722252,516.8982274889008,947.6467503963182
2121.9361855905354,159.14521391929014,636.5808556771606,1167.0649020747946
1628.0245021179658,122.10183765884743,488.4073506353897,895.4134761648812
2995.3113777689214,224.6483533326691,898.5934133306764,1647.421257772907
2253.292515496864,168.9969386622648,675.9877546490592,1239.3108835232752
2393.0775259800657,179.48081444850493,717.9232577940197,1316.1926392890362
1600.6147160826413,120.0461037061981,480.1844148247924,880.3380938454528
2624.9407055987667,196.8705529199075,787.48221167963,1443.7173880793218
1814.8583896433786,136.1143792232534,544.4575168930136,998.1721143038583
2847.0814341610703,213.53110756208028,854.1244302483211,1565.8947887885888
1807.7094607230108,135.5782095542258,542.3128382169032,994.240203397656
1786.0315809954998,133.95236857466247,535.8094742986499,982.317369547525
1554.8245017721424,116.61183763291068,466.4473505316427,855.1534759746784
2208.100417664999,165.6075313248749,662.4301252994997,1214.4552297157495
2347.2616998939247,176.04462749204436,704.1785099681774,1290.9939349416586
1598.5629591425286,119.89222193568963,479.56888774275853,879.2096275283908
2663.2914250425156,199.74685687818865,798.9874275127546,1464.8102837733836
2179.9332521220413,163.4949939091531,653.9799756366124,1198.9632886671227
2286.58540399137,171.49390529935275,685.975621197411,1257.6219721952536
2161.144120407342,162.08580903055065,648.3432361222026,1188.6292662240382
2101.144591312989,157.58584434847418,630.3433773938967,1155.6295252221441
2339.460496962327,175.45953727217452,701.8381490886981,1286.70327332928
1732.8603688960688,129.96452766720515,519.8581106688206,953.0732028928379
1772.8921957429066,132.966914680718,531.867658722872,975.0907076585987
2792.678431520276,209.45088236402069,837.8035294560827,1535.973137336152
2919.173193200449,218.9379894900337,875.7519579601347,1605.545256260247
2059.9639744196293,154.4972980814722,617.9891923258888,1132.980185930796
1906.1170097153306,142.95877572864978,571.8351029145991,1048.364355343432
2465.9993148585236,184.94994861438926,739.799794457557,1356.2996231721881
2113.1012566471445,158.48259424853583,633.9303769941433,1162.2056911559296
1538.0795334905174,115.3559650117888,461.4238600471552,845.9437434197846
1734.2288960492856,130.0671672036964,520.2686688147857,953.8258928271072
2573.958343271096,193.0468757453322,772.1875029813287,1415.6770887991029
2488.385912865227,186.62894346489202,746.5157738595681,1368.612252075875
1540.6439887552253,115.54829915664189,462.19319662656756,847.3541938153741
1832.958242899424,137.4718682174568,549.8874728698272,1008.1270335946833
1846.6121948821071,138.49591461615802,553.9836584646321,1015.636707185159
2507.839115398093,188.08793365485695,752.3517346194278,1379.3115134689513
1529.5658066315461,114.71743549736595,458.8697419894638,841.2611936473504
1656.1628729768609,124.21221547326456,496.84886189305826,910.8895801372736
2699.874128059784,202.49055960448382,809.9622384179353,1484.9307704328814
1767.8169930815004,132.58627448111253,530.3450979244501,972.2993461948253
2479.119161777812,185.93393713333592,743.7357485333437,1363.5155389777967
1857.2741715700897,139.29556286775673,557.1822514710269,1021.5007943635494
1649.1620891390178,123.68715668542633,494.7486267417053,907.0391490264599
1864.7582864991812,139.85687148743858,559.4274859497543,1025.6170575745498
2583.4003977834886,193.75502983376165,775.0201193350466,1420.8702187809188
2783.5447021594287,208.76585266195715,835.0634106478286,1530.9495861876858
2745.3297968504876,205.89973476378657,823.5989390551463,1509.9313882677684
2095.775294427682,157.18314708207615,628.7325883283046,1152.6764119352254
2502.127704855969,187.65957786419767,750.6383114567907,1376.170237670783
1807.4764431237315,135.56073323427987,542.2429329371195,994.1120437180524
1939.72159539152,145.47911965436398,581.9164786174559,1066.846877465336
2844.5037277816796,213.33777958362597,853.3511183345039,1564.4770502799238
1519.5028852661042,113.96271639495781,455.85086557983124,835.7265868963574
1628.262796281702,122.11970972112765,488.4788388845106,895.5445379549362
1811.829382719041,135.88720370392807,543.5488148157123,996.5061604954726
1539.7983058107295,115.4848729358047,461.9394917432188,846.8890681959014
1772.153152634696,132.9114864476022,531.6459457904087,974.6842339490829
2374.562341454538,178.09217560909033,712.3687024363613,1306.009287799996
2132.136825888747,159.91026194165602,639.6410477666241,1172.6752542388108
2839.0075666154626,212.9255674961597,851.7022699846387,1561.4541616385045
2726.1653426076614,204.4624006955746,817.8496027822983,1499.390938434214
2012.7260275468138,150.95445206601104,603.8178082640442,1106.9993151507476
1889.1351501469387,141.6851362610204,566.7405450440816,1039.0243325808165
2069.5386122509003,155.2153959188175,620.86158367527,1138.2462367379953
2385.4424137722117,178.90818103291588,715.6327241316635,1311.9933275747164
1902.0954612343144,142.65715959257358,570.6286383702943,1046.152503678873
2436.223361773701,182.71675213302757,730.8670085321103,1339.9228489755358
2114.1174782868607,158.55881087151454,634.2352434860582,1162.7646130577734
2328.0707712779704,174.60530784584776,698.421231383391,1280.4389242028838
2154.1897937029753,161.56423452772313,646.2569381108925,1184.8043865366365
1941.6986393128764,145.62739794846573,582.5095917938629,1067.934251622082
2922.6799604432354,219.20099703324266,876.8039881329706,1607.4739782437796
2645.4086912396415,198.4056518429731,793.6226073718924,1454.974780181803
1710.1697636496788,128.2627322737259,513.0509290949036,940.5933700073234
2802.701963846869,210.20264728851518,840.8105891540607,1541.4860801157781
2231.1467973742706,167.33600980307028,669.3440392122811,1227.130738555849
2841.828340341137,213.13712552558528,852.5485021023411,1563.0055871876255
2699.782883920973,202.48371629407296,809.9348651762919,1484.8805861565352
2137.82025670385,160.33651925278875,641.346077011155,1175.8011411871178
1533.7039624801762,115.02779718601322,460.11118874405287,843.5371793640969
1903.016039077419,142.7262029308064,570.9048117232256,1046.6588214925805
2312.4513219913006,173.43384914934754,693.7353965973901,1271.8482270952154
2450.217329739221,183.76629973044157,735.0651989217663,1347.6195313565715
1886.8315281498035,141.51236461123526,566.049458444941,1037.757340482392
1709.0341111092362,128.1775583331927,512.7102333327708,939.96876111008
2752.395355198949,206.42965163992116,825.7186065596846,1513.817445359422
2976.603271055328,223.2452453291496,892.9809813165984,1637.1317990804307
2288.535273454029,171.64014550905216,686.5605820362086,1258.694400399716
1757.5189287724552,131.81391965793412,527.2556786317365,966.6354108248504
1908.4609897790533,143.134574233429,572.538296933716,1049.6535443784794
1527.5860148212,114.56895111159,458.27580444636,840.1723081516601
2871.4482098407484,215.35861573805613,861.4344629522245,1579.2965154124117
1676.6266243352118,125.74699682514088,502.98798730056353,922.1446433843665
2364.7747132713803,177.3581034953535,709.432413981414,1300.6260922992592
1911.082831030809,143.33121232731068,573.3248493092427,1051.095557066945
2331.2670037736902,174.84502528302676,699.380101132107,1282.1968520755297
2477.1305825277964,185.78479368958472,743.1391747583389,1362.421820390288
2744.612705560802,205.84595291706015,823.3838116682406,1509.5369880584412
1809.6319076409047,135.72239307306785,542.8895722922714,995.2975492024976
1516.4937429877207,113.73703072407905,454.9481228963162,834.0715586432465
1705.328445103211,127.89963338274082,511.59853353096327,937.930644806766
2850.0279627721575,213.75209720791182,855.0083888316473,1567.5153795246868
2810.835116343773,210.81263372578294,843.2505349031318,1545.959313989075
2396.1196532554623,179.70897399415966,718.8358959766387,1317.8658092905043
2400.77529065048,180.058146798786,720.232587195144,1320.4264098577642
2497.5550118193833,187.31662588645375,749.266503545815,1373.655256500661
1763.0569179351744,132.22926884513808,528.9170753805523,969.681304864346
2871.6179188874394,215.37134391655795,861.4853756662318,1579.3898553880917
2128.15578733811,159.61168405035824,638.4467362014329,1170.4856830359604
2074.7077923742463,155.60308442806846,622.4123377122738,1141.0892858058355
2278.3765579242563,170.8782418443192,683.5129673772768,1253.107106858341
1570.4489501625826,117.78367126219369,471.13468504877477,863.7469225894205
1749.425053134119,131.20687898505892,524.8275159402357,962.1837792237656
2607.050424639556,195.52878184796668,782.1151273918667,1433.877733551756
1624.1980018876898,121.81485014157673,487.2594005663069,893.3089010382295
2404.7281641995824,180.35461231496868,721.4184492598747,1322.6004903097703
1868.0236645219816,140.10177483914862,560.4070993565945,1027.41301548709
2083.9434210629647,156.29575657972234,625.1830263188893,1146.1688815846308
1933.0406051560499,144.97804538670374,579.912181546815,1063.1723328358275
2033.5090746974238,152.5131806023068,610.0527224092272,1118.4299910835832
2578.5688577763685,193.39266433322763,773.5706573329105,1418.2128717770029
1945.6825734347626,145.9261930076072,583.7047720304288,1070.1254153891196
2349.606960445346,176.22052203340095,704.8820881336038,1292.2838282449404
2214.0756032986496,166.05567024739872,664.2226809895949,1217.7415818142574
2495.506748043972,187.1630061032979,748.6520244131916,1372.5287114241846
2905.2446089871373,217.8933456740353,871.5733826961412,1597.8845349429257
2598.8581458153753,194.91436093615314,779.6574437446126,1429.3719801984566
1822.4105678861351,136.68079259146012,546.7231703658405,1002.3258123373744
1546.774702591927,116.00810269439452,464.0324107775781,850.72608642556
1893.3960664497376,142.0047049837303,568.0188199349212,1041.3678365473559
2392.6168960503824,179.44626720377866,717.7850688151146,1315.9392928277105
1577.1387202263754,118.28540401697815,473.1416160679126,867.4262961245065
2244.5493708018544,168.34120281013907,673.3648112405563,1234.50215394102
2395.2642733753337,179.64482050315002,718.5792820126001,1317.3953503564337
2001.3658362254412,150.10243771690807,600.4097508676323,1100.7512099239927
2656.368305618733,199.22762292140496,796.9104916856198,1461.0025680903032
1659.8973797006577,124.49230347754931,497.96921391019725,912.9435588353618
1612.706672603713,120.95300044527848,483.8120017811139,886.9886699320423
2592.283134305405,194.42123507290538,777.6849402916215,1425.7557238679728
2243.2369743092977,168.24277307319733,672.9710922927893,1233.7803358701137
2532.603594641604,189.9452695981203,759.7810783924812,1392.9319770528823
2152.2410079056194,161.41807559292144,645.6723023716858,1183.7325543480908
1869.6030498586601,140.22022873939952,560.8809149575981,1028.281677422263
2728.6534765112997,204.64901073834747,818.5960429533899,1500.759412081215
2699.1238184534686,202.43428638401014,809.7371455360405,1484.518100149408
2542.04470628164,190.653352971123,762.613411884492,1398.124588454902
1908.217705844944,143.1163279383708,572.4653117534832,1049.5197382147194
2385.3460003036307,178.9009500227723,715.6038000910892,1311.940300166997
2041.4608454100403,153.10956340575302,612.4382536230121,1122.8034649755223
1637.3731099899512,122.80298324924634,491.21193299698535,900.5552104944733
2875.9703631933644,215.69777723950233,862.7911089580093,1581.7836997563506
1705.227946378442,127.89209597838315,511.5683839135326,937.8753705081432
2925.3560307312036,219.40170230484026,877.606809219361,1608.945816902162
2169.0086594369336,162.67564945777002,650.7025978310801,1192.9547626903136
